file_name,faithfulness,answer_relevancy
gpt,0.8510202860902705,0.7918362698143574
llama,0.6014158502837492,0.6929689418056484
qwen,0.9010189654824181,0.8473091700043384
