file_name,faithfulness,answer_relevancy,context_precision,context_recall
gpt,0.8510202860902705,0.7918362698143572,0.8273716950986059,0.8348045068387693
llama,0.6014158502837492,0.6929689418056484,0.6734059097320426,0.7076049281408017
qwen,0.9010189654824181,0.8473091700043384,0.8258164851455732,0.8476704250072125
